<?xml version="1.0" encoding="UTF-8"?>
<project-private xmlns="http://www.netbeans.org/ns/project-private/1">
    <editor-bookmarks xmlns="http://www.netbeans.org/ns/editor-bookmarks/2" lastBookmarkId="1">
        <file>
            <url>vista/tarjetas/asignacion.php</url>
            <bookmark id="1">
                <name/>
                <line>84</line>
                <key/>
            </bookmark>
        </file>
    </editor-bookmarks>
    <open-files xmlns="http://www.netbeans.org/ns/projectui-open-files/2">
        <group>
            <file>file:/C:/xampp/htdocs/sectur/controlador/controlador_index.php</file>
            <file>file:/C:/xampp/htdocs/sectur/ajax/ajax_inicio.php</file>
            <file>file:/C:/xampp/htdocs/sectur/login/login.php</file>
            <file>file:/C:/xampp/htdocs/sectur/js/login.js</file>
        </group>
    </open-files>
</project-private>
