<?xml version="1.0" encoding="UTF-8"?>
<project-private xmlns="http://www.netbeans.org/ns/project-private/1">
    <editor-bookmarks xmlns="http://www.netbeans.org/ns/editor-bookmarks/2" lastBookmarkId="1">
        <file>
            <url>vista/tarjetas/asignacion.php</url>
            <bookmark id="1">
                <name/>
                <line>84</line>
                <key/>
            </bookmark>
        </file>
    </editor-bookmarks>
    <open-files xmlns="http://www.netbeans.org/ns/projectui-open-files/2">
        <group>
            <file>file:/C:/xampp/htdocs/sectur/js/grupo.js</file>
            <file>file:/C:/xampp/htdocs/sectur/controlador/controlador_index.php</file>
            <file>file:/C:/xampp/htdocs/sectur/vista/grupo/form_estancia.php</file>
            <file>file:/C:/xampp/htdocs/sectur/vista/layout/sideBar.php</file>
            <file>file:/C:/xampp/htdocs/sectur/vista/layout/navBar.php</file>
            <file>file:/C:/xampp/htdocs/sectur/controlador/controlador_grupo.php</file>
            <file>file:/C:/xampp/htdocs/sectur/vista/disciplinas/disciplina.php</file>
            <file>file:/C:/xampp/htdocs/sectur/vista/hotel/form_tipoHabitacion.php</file>
            <file>file:/C:/xampp/htdocs/sectur/vista/hotel/hotel.php</file>
            <file>file:/C:/xampp/htdocs/sectur/vista/restaurant/restaurant.php</file>
            <file>file:/C:/xampp/htdocs/sectur/ajax/ajax_grupo.php</file>
        </group>
    </open-files>
</project-private>
